model,sequence,frames,tp,fp,fn,gt_persons,predictions_ap_floor,predictions_at_confidence,ignored_predictions,precision,recall,f1,ap50,ap75,map50_95,ignored_detections_at_ap50,matched_iou_mean,matched_iou_median,matched_iou_std,matched_iou_p25,matched_iou_p75,matched_iou_p50,matched_iou_p95,matched_dice_mean,matched_dice_median,matched_dice_std,matched_dice_p25,matched_dice_p75,matched_dice_p50,matched_dice_p95
yolo26n-seg.pt,MOTS20-02,600,3873,585,3166,7039,103477,5342,884,0.8687752355316285,0.5502202017332007,0.6737409759067583,0.6891709450391563,0.2882114050998113,0.3357522308180785,32071,0.7633104561847338,0.7818181818181819,0.09887974855049553,0.6905761159862648,0.8444553656053638,0.7818181818181819,0.8977877233684447,0.862068728284616,0.8775510204081634,0.06613185211136884,0.8169713382983526,0.9156690710465715,0.8775510204081634,0.9461413542839293
yolo26n-seg.pt,MOTS20-05,837,4686,528,1884,6570,68697,5533,319,0.8987341772151899,0.7132420091324201,0.7953156822810591,0.7950361130540333,0.5813307141632322,0.5235443515301247,9673,0.8326313247236996,0.8621033438106609,0.10553358793401853,0.7774637314588653,0.9146596938545277,0.8621033438106609,0.9485627172003915,0.9047723509868033,0.9259457555618145,0.06790999422407583,0.8748012321417993,0.9554279507423233,0.9259457555618145,0.9736024493826538
yolo26n-seg.pt,MOTS20-09,525,3627,595,1147,4774,65320,4929,707,0.8590715300805305,0.7597402597402597,0.8063583815028902,0.7969147470978778,0.4985961600122381,0.4686905478860314,15292,0.7891892387359222,0.812954986125463,0.10615332674931245,0.7244819327454184,0.8743608375877263,0.812954986125463,0.9192820415446247,0.8780197389162094,0.8968286497425519,0.07019789750774681,0.8402313932914646,0.9329695966033446,0.8968286497425519,0.9579436699936643
yolo26n-seg.pt,MOTS20-11,900,6292,303,2219,8511,122298,6781,186,0.9540561031084155,0.7392785806603219,0.8330464716006885,0.8088100704880419,0.6237653103299824,0.5416286839530675,28360,0.8348429764350207,0.8547320497895143,0.08808324774955259,0.7956743635310046,0.8994334234626239,0.8547320497895143,0.9363852617105479,0.907293981476999,0.9216771229949301,0.0562709650739563,0.8862123106812105,0.947054434359004,0.9216771229949301,0.9671476850494184
yolo11n-seg.pt,MOTS20-02,600,3971,661,3068,7039,110857,5438,806,0.8572970639032815,0.5641426338968604,0.6804901036757776,0.6630372340001188,0.2209287171706311,0.2908884661949421,32920,0.7301793400955386,0.743139000148346,0.1014931431865014,0.6501968610871186,0.8179303052898671,0.743139000148346,0.866895116723398,0.8399586526999696,0.8526445683162419,0.0698771864617763,0.7880233867992599,0.8998478134053227,0.8526445683162419,0.928702538162409
yolo11n-seg.pt,MOTS20-05,837,4819,803,1751,6570,98809,6036,414,0.8571682675204554,0.7334855403348554,0.7905183727034121,0.7898418109896551,0.5315272394275148,0.4896400591721644,13263,0.8086904823869385,0.8374128573294854,0.11051483314478415,0.7443099691362667,0.8977561076460439,0.8374128573294854,0.9392171392563453,0.8898245981602226,0.9115130048089354,0.07224426851869285,0.8534147968649748,0.9461237974739211,0.9115130048089354,0.9686559796947783
yolo11n-seg.pt,MOTS20-09,525,3607,924,1167,4774,83589,4796,265,0.7960715073935114,0.755550900712191,0.7752821063944116,0.7726767682897886,0.43902890242015863,0.4259999812395069,18747,0.76668144122003,0.7877094972067039,0.10479303681065882,0.6980132566386277,0.8521529192855464,0.7877094972067039,0.9015992965435727,0.8637612277811333,0.8812500000000001,0.07049509998179093,0.8221528903544685,0.9201755539821622,0.8812500000000001,0.9482537125954458
yolo11n-seg.pt,MOTS20-11,900,6262,485,2249,8511,152816,6947,200,0.9281161997925004,0.7357537304664552,0.8208153100013108,0.7978101360592994,0.5745430082015183,0.5017961418082267,29142,0.8133408728192604,0.8346493886991604,0.09117727211635371,0.7674935661934285,0.8805907248549848,0.8346493886991604,0.9224620529840319,0.8940915306861144,0.9098734545611127,0.059250619169246094,0.8684541554176275,0.9365043793998149,0.9098734545611127,0.9596673718067404
yolov8n-seg.pt,MOTS20-02,600,4101,1669,2938,7039,117343,6901,1131,0.7107452339688042,0.5826111663588578,0.6403310172534936,0.6423387778826944,0.1911930803774198,0.2717856717709092,32346,0.7193309601851524,0.7273532388663968,0.10225239233207924,0.6383100381194409,0.8088203345644145,0.7273532388663968,0.8640956551027282,0.8325539186657307,0.8421592324031348,0.07079372925267925,0.7792298444952883,0.8943069901513332,0.8421592324031348,0.9270936850664017
yolov8n-seg.pt,MOTS20-05,837,4796,881,1774,6570,94446,6076,399,0.8448124009159768,0.7299847792998478,0.7832122152363844,0.7845263549148136,0.5338009885478603,0.4857855897716084,13093,0.8097698016406747,0.8370360801581596,0.10862968630365528,0.748954663245442,0.8962703619271885,0.8370360801581596,0.936105678836619,0.8906319761997723,0.911289755181639,0.07106874145684935,0.8564597796659791,0.9452980754783386,0.911289755181639,0.9669985355814166
yolov8n-seg.pt,MOTS20-09,525,3561,859,1213,4774,83518,5034,614,0.8056561085972851,0.745915374947633,0.7746356319338699,0.769823999465177,0.42018044958312956,0.4162781589155527,20489,0.762920121608334,0.7837397658244564,0.10734907562618158,0.6861664435871191,0.8509323551246779,0.7837397658244564,0.9044229617589187,0.861124205262032,0.8787602102509685,0.07232382965229726,0.8138774747852073,0.9194634831129305,0.8787602102509685,0.9498131244160138
yolov8n-seg.pt,MOTS20-11,900,6285,528,2226,8511,144169,7117,304,0.9225011008366358,0.7384561156150864,0.8202819107282694,0.7922240585327384,0.5668335156232103,0.49578260029558774,29140,0.8104972967530963,0.8305390885513153,0.09421613366355576,0.7636969562319484,0.8812404010422958,0.8305390885513153,0.9252917255466337,0.892141585076744,0.9074256799493992,0.061451685967012164,0.8660183412274514,0.9368716518676158,0.9074256799493992,0.9611963872105392
