model,max_dets,ap50,ap75,map50_95,ignored_detections_at_ap50,ap50_abs_difference_from_1000,ap75_abs_difference_from_1000,map50_95_abs_difference_from_1000,converged
yolo26n-seg.pt,100,0.7629624800245555,0.4747425050040771,0.4556274983975897,2454,0.00011167198295203296,7.870320916086859e-05,3.207629069068574e-05,False
yolo26n-seg.pt,200,0.7628508080416034,0.47466380179491624,0.455595422106899,3215,0.0,0.0,0.0,True
yolo26n-seg.pt,300,0.7628508080416034,0.47466380179491624,0.455595422106899,3228,0.0,0.0,0.0,True
yolo26n-seg.pt,1000,0.7628508080416034,0.47466380179491624,0.455595422106899,3228,0.0,0.0,0.0,True
yolo11n-seg.pt,100,0.740423066511428,0.42449769417435174,0.4151052679464092,2464,0.0008778434048706263,0.0,0.0002405674036188854,False
yolo11n-seg.pt,200,0.7413009099162986,0.42449769417435174,0.41534583535002806,3661,0.0,0.0,0.0,True
yolo11n-seg.pt,300,0.7413009099162986,0.42449769417435174,0.41534583535002806,3704,0.0,0.0,0.0,True
yolo11n-seg.pt,1000,0.7413009099162986,0.42449769417435174,0.41534583535002806,3704,0.0,0.0,0.0,True
yolov8n-seg.pt,100,0.7426938638350057,0.41493925926975034,0.4062508799038224,2727,0.0009210042572947996,0.0,0.0001971798099597022,False
yolov8n-seg.pt,200,0.7436148680923005,0.41493925926975034,0.4064480597137821,3816,0.0,0.0,0.0,True
yolov8n-seg.pt,300,0.7436148680923005,0.41493925926975034,0.4064480597137821,3870,0.0,0.0,0.0,True
yolov8n-seg.pt,1000,0.7436148680923005,0.41493925926975034,0.4064480597137821,3870,0.0,0.0,0.0,True
