model,gt_persons_per_frame,frames,tp,fp,fn,ignored_predictions,precision,recall,f1
yolov8n-seg.pt,3,14,42,2,0,17,0.9545454545454546,1.0,0.9767441860465116
yolov8n-seg.pt,4,31,93,24,31,23,0.7948717948717948,0.75,0.7717842323651453
yolov8n-seg.pt,5,117,465,68,120,75,0.8724202626641651,0.7948717948717948,0.8318425760286225
yolov8n-seg.pt,6,181,874,180,212,103,0.8292220113851992,0.8047882136279927,0.8168224299065421
yolov8n-seg.pt,7,251,1455,300,302,206,0.8290598290598291,0.8281161070005691,0.8285876993166287
yolov8n-seg.pt,8,368,2415,310,529,248,0.8862385321100917,0.8203125,0.8520021167754454
yolov8n-seg.pt,9,505,3424,580,1121,394,0.8551448551448552,0.7533553355335534,0.8010293601590829
yolov8n-seg.pt,10,539,3880,678,1510,370,0.8512505484861781,0.7198515769944341,0.7800562927221552
yolov8n-seg.pt,11,313,2087,511,1356,195,0.8033102386451116,0.6061574208539064,0.6909452077470617
yolov8n-seg.pt,12,232,1590,515,1194,278,0.7553444180522565,0.5711206896551724,0.6504397627326651
yolov8n-seg.pt,13,193,1470,508,1039,299,0.7431749241658241,0.5858907931446792,0.6552262090483619
yolov8n-seg.pt,14,91,714,187,560,161,0.7924528301886793,0.5604395604395604,0.6565517241379311
yolov8n-seg.pt,15,21,187,60,128,67,0.757085020242915,0.5936507936507937,0.6654804270462633
yolov8n-seg.pt,16,6,47,14,49,12,0.7704918032786885,0.4895833333333333,0.5987261146496815
