study_id,schema_version,experiment,tier,family,model,sequence,frames,gt_instances,predictions,tp,fp,fn,precision,recall,f1,ap50,ap75,mask_map50_95,tp_iou_mean,tp_dice_mean,ignored_predictions
yolo_instance_segmentation_mots20_scaling,1.0,YOLO_Nano_Seg_MOTS20_Benchmark,nano,YOLO26,YOLO26n-Seg,MOTS20-02,600,7039,5342,3873,585,3166,0.8687752355316285,0.5502202017332007,0.6737409759067583,0.6891709450391563,0.2882114050998113,0.3357522308180785,0.7633104561847338,0.862068728284616,884
yolo_instance_segmentation_mots20_scaling,1.0,YOLO_Nano_Seg_MOTS20_Benchmark,nano,YOLO26,YOLO26n-Seg,MOTS20-05,837,6570,5533,4686,528,1884,0.8987341772151899,0.7132420091324201,0.7953156822810591,0.7950361130540333,0.5813307141632322,0.5235443515301247,0.8326313247236996,0.9047723509868033,319
yolo_instance_segmentation_mots20_scaling,1.0,YOLO_Nano_Seg_MOTS20_Benchmark,nano,YOLO26,YOLO26n-Seg,MOTS20-09,525,4774,4929,3627,595,1147,0.8590715300805305,0.7597402597402597,0.8063583815028902,0.7969147470978778,0.4985961600122381,0.4686905478860314,0.7891892387359222,0.8780197389162094,707
yolo_instance_segmentation_mots20_scaling,1.0,YOLO_Nano_Seg_MOTS20_Benchmark,nano,YOLO26,YOLO26n-Seg,MOTS20-11,900,8511,6781,6292,303,2219,0.9540561031084155,0.7392785806603219,0.8330464716006885,0.8088100704880419,0.6237653103299824,0.5416286839530675,0.8348429764350207,0.907293981476999,186
yolo_instance_segmentation_mots20_scaling,1.0,YOLO_Nano_Seg_MOTS20_Benchmark,nano,YOLO11,YOLO11n-Seg,MOTS20-02,600,7039,5438,3971,661,3068,0.8572970639032815,0.5641426338968604,0.6804901036757776,0.6630372340001188,0.2209287171706311,0.2908884661949421,0.7301793400955386,0.8399586526999696,806
yolo_instance_segmentation_mots20_scaling,1.0,YOLO_Nano_Seg_MOTS20_Benchmark,nano,YOLO11,YOLO11n-Seg,MOTS20-05,837,6570,6036,4819,803,1751,0.8571682675204554,0.7334855403348554,0.7905183727034121,0.7898418109896551,0.5315272394275148,0.4896400591721644,0.8086904823869385,0.8898245981602226,414
yolo_instance_segmentation_mots20_scaling,1.0,YOLO_Nano_Seg_MOTS20_Benchmark,nano,YOLO11,YOLO11n-Seg,MOTS20-09,525,4774,4796,3607,924,1167,0.7960715073935114,0.755550900712191,0.7752821063944116,0.7726767682897886,0.43902890242015863,0.4259999812395069,0.76668144122003,0.8637612277811333,265
yolo_instance_segmentation_mots20_scaling,1.0,YOLO_Nano_Seg_MOTS20_Benchmark,nano,YOLO11,YOLO11n-Seg,MOTS20-11,900,8511,6947,6262,485,2249,0.9281161997925004,0.7357537304664552,0.8208153100013108,0.7978101360592994,0.5745430082015183,0.5017961418082267,0.8133408728192604,0.8940915306861144,200
yolo_instance_segmentation_mots20_scaling,1.0,YOLO_Nano_Seg_MOTS20_Benchmark,nano,YOLOv8,YOLOv8n-Seg,MOTS20-02,600,7039,6901,4101,1669,2938,0.7107452339688042,0.5826111663588578,0.6403310172534936,0.6423387778826944,0.1911930803774198,0.2717856717709092,0.7193309601851524,0.8325539186657307,1131
yolo_instance_segmentation_mots20_scaling,1.0,YOLO_Nano_Seg_MOTS20_Benchmark,nano,YOLOv8,YOLOv8n-Seg,MOTS20-05,837,6570,6076,4796,881,1774,0.8448124009159768,0.7299847792998478,0.7832122152363844,0.7845263549148136,0.5338009885478603,0.4857855897716084,0.8097698016406747,0.8906319761997723,399
yolo_instance_segmentation_mots20_scaling,1.0,YOLO_Nano_Seg_MOTS20_Benchmark,nano,YOLOv8,YOLOv8n-Seg,MOTS20-09,525,4774,5034,3561,859,1213,0.8056561085972851,0.745915374947633,0.7746356319338699,0.769823999465177,0.42018044958312956,0.4162781589155527,0.762920121608334,0.861124205262032,614
yolo_instance_segmentation_mots20_scaling,1.0,YOLO_Nano_Seg_MOTS20_Benchmark,nano,YOLOv8,YOLOv8n-Seg,MOTS20-11,900,8511,7117,6285,528,2226,0.9225011008366358,0.7384561156150864,0.8202819107282694,0.7922240585327384,0.5668335156232103,0.49578260029558774,0.8104972967530963,0.892141585076744,304
