study_id,schema_version,experiment,tier,family,model,stage,mean_ms,median_ms,std_ms,p50_ms,p95_ms,repetitions,measured_frames,contamination_status
yolo_instance_segmentation_mots20_scaling,1.0,YOLO_Nano_Seg_MOTS20_Benchmark,nano,YOLO26,YOLO26n-Seg,preprocessing,1.7204084806144238,1.9136319169774652,0.4188978635564268,1.9136319169774652,2.060406841337681,3,300,CLEAN
yolo_instance_segmentation_mots20_scaling,1.0,YOLO_Nano_Seg_MOTS20_Benchmark,nano,YOLO26,YOLO26n-Seg,inference,13.042352374177426,12.47522048652172,1.6301351575222396,12.47522048652172,17.24282803479582,3,300,CLEAN
yolo_instance_segmentation_mots20_scaling,1.0,YOLO_Nano_Seg_MOTS20_Benchmark,nano,YOLO26,YOLO26n-Seg,postprocessing,67.62748097069561,74.00485058315098,39.06702936243272,74.00485058315098,126.17869265377523,3,300,CLEAN
yolo_instance_segmentation_mots20_scaling,1.0,YOLO_Nano_Seg_MOTS20_Benchmark,nano,YOLO26,YOLO26n-Seg,pipeline,82.39024182548746,88.50738988257945,39.41461393268789,88.50738988257945,142.7204187377356,3,300,CLEAN
yolo_instance_segmentation_mots20_scaling,1.0,YOLO_Nano_Seg_MOTS20_Benchmark,nano,YOLO26,YOLO26n-Seg,rle_preparation,336.79068337349844,382.9226299421862,188.58766845989825,382.9226299421862,566.0892550251448,3,300,CLEAN
yolo_instance_segmentation_mots20_scaling,1.0,YOLO_Nano_Seg_MOTS20_Benchmark,nano,YOLO26,YOLO26n-Seg,ultralytics_postprocess_inclusive,45.104834841719516,52.94862063601613,23.679936103561825,52.94862063601613,72.56506824633107,3,300,CLEAN
yolo_instance_segmentation_mots20_scaling,1.0,YOLO_Nano_Seg_MOTS20_Benchmark,nano,YOLO11,YOLO11n-Seg,preprocessing,1.7532406064371269,1.917006098665297,0.4165989077842692,1.917006098665297,2.228018455207348,3,300,CLEAN
yolo_instance_segmentation_mots20_scaling,1.0,YOLO_Nano_Seg_MOTS20_Benchmark,nano,YOLO11,YOLO11n-Seg,inference,11.745314888345698,10.7155735604465,1.910062053190637,10.7155735604465,15.275353041943164,3,300,CLEAN
yolo_instance_segmentation_mots20_scaling,1.0,YOLO_Nano_Seg_MOTS20_Benchmark,nano,YOLO11,YOLO11n-Seg,postprocessing,83.94213349092752,84.01242888066918,47.86479940389423,84.01242888066918,152.37505974946544,3,300,CLEAN
yolo_instance_segmentation_mots20_scaling,1.0,YOLO_Nano_Seg_MOTS20_Benchmark,nano,YOLO11,YOLO11n-Seg,pipeline,97.44068898571034,96.74013243056834,47.92414336679809,96.74013243056834,165.0140923447907,3,300,CLEAN
yolo_instance_segmentation_mots20_scaling,1.0,YOLO_Nano_Seg_MOTS20_Benchmark,nano,YOLO11,YOLO11n-Seg,rle_preparation,409.8597890635331,492.6909350324422,213.81712249985478,492.6909350324422,662.3997582355514,3,300,CLEAN
yolo_instance_segmentation_mots20_scaling,1.0,YOLO_Nano_Seg_MOTS20_Benchmark,nano,YOLO11,YOLO11n-Seg,ultralytics_postprocess_inclusive,48.733119318106525,55.54829549510032,24.28563385830828,55.54829549510032,80.8236840297468,3,300,CLEAN
yolo_instance_segmentation_mots20_scaling,1.0,YOLO_Nano_Seg_MOTS20_Benchmark,nano,YOLOv8,YOLOv8n-Seg,preprocessing,1.726164457698663,1.9071720307692885,0.41618723694567544,1.9071720307692885,2.119147672783584,3,300,CLEAN
yolo_instance_segmentation_mots20_scaling,1.0,YOLO_Nano_Seg_MOTS20_Benchmark,nano,YOLOv8,YOLOv8n-Seg,inference,9.045145171694458,8.450820459984243,1.5089949629718362,8.450820459984243,12.069244438316673,3,300,CLEAN
yolo_instance_segmentation_mots20_scaling,1.0,YOLO_Nano_Seg_MOTS20_Benchmark,nano,YOLOv8,YOLOv8n-Seg,postprocessing,84.91122325727095,84.3295210506767,48.92970992269078,84.3295210506767,155.84809582214805,3,300,CLEAN
yolo_instance_segmentation_mots20_scaling,1.0,YOLO_Nano_Seg_MOTS20_Benchmark,nano,YOLOv8,YOLOv8n-Seg,pipeline,95.68253288666408,95.22175346501172,48.74318987364973,95.22175346501172,166.2656773347408,3,300,CLEAN
yolo_instance_segmentation_mots20_scaling,1.0,YOLO_Nano_Seg_MOTS20_Benchmark,nano,YOLOv8,YOLOv8n-Seg,rle_preparation,405.9911046254759,485.96106143668294,217.48324942804135,485.96106143668294,667.8040885482915,3,300,CLEAN
yolo_instance_segmentation_mots20_scaling,1.0,YOLO_Nano_Seg_MOTS20_Benchmark,nano,YOLOv8,YOLOv8n-Seg,ultralytics_postprocess_inclusive,49.303120740223676,56.6288020927459,25.03409848345167,56.6288020927459,80.43202596018091,3,300,CLEAN
